Target,R2,RMSE,MAE,CV_R2
clorofila,0.13991192907473682,0.5808840776205831,0.3019344999999998,0.12816141781601612
