PONTO,Transparência da Água
CLA-01,1.1352941176470588
CLA-02,1.5058823529411764
CLA-03,1.561764705882353
CLA-04,1.5735294117647058
CLA-05,0.7205882352941176
CLA-06,3.1129411764705885
CLA-06B,1.6311764705882352
CLA-07,1.76
CLA-08,1.6382352941176472
CLA-08CS,1.6441176470588235
CLA-09,0.75
CLA-ETE,0.5
