Target,R2,RMSE,MAE,CV_R2
turbidez,0.4707323373311092,2.1647920402258394,1.341650081680048,0.3497917453770675
